Observation id,Observation date,Description,Observation duration,Observation type,Source,Media duration (s),FPS,Subject,Behavior,Behavioral category,Modifier #1,Modifier #2,Behavior type,Time,Media file name,Image index,Image file path,Comment
mn210215-59 video 2 GH,2/28/2023 19:53,,1797.95,Media file(s),player #1:C:/Users/aholl/Documents/Tag analysis/CATS/tag_data_raw/Hawaii/2021/mn210215-59/raw/CATS 59-20210215-121630-366-00002.mov,1797.95,28.47,,Tag position,,head or rostrum,directly facing rostrum,POINT,95.967,C:/Users/aholl/Documents/Tag analysis/CATS/tag_data_raw/Hawaii/2021/mn210215-59/raw/CATS 59-20210215-121630-366-00002.mov,,,
mn210215-59 video 2 GH,3/1/2023 19:53,,1797.95,Media file(s),player #1:C:/Users/aholl/Documents/Tag analysis/CATS/tag_data_raw/Hawaii/2021/mn210215-59/raw/CATS 59-20210215-121630-366-00002.mov,1797.95,28.47,,breath,,see blowholes,,POINT,107.468,C:/Users/aholl/Documents/Tag analysis/CATS/tag_data_raw/Hawaii/2021/mn210215-59/raw/CATS 59-20210215-121630-366-00002.mov,,,
mn210215-59 video 2 GH,3/2/2023 19:53,,1797.95,Media file(s),player #1:C:/Users/aholl/Documents/Tag analysis/CATS/tag_data_raw/Hawaii/2021/mn210215-59/raw/CATS 59-20210215-121630-366-00002.mov,1797.95,28.47,,mother present,,other,,START,111.968,C:/Users/aholl/Documents/Tag analysis/CATS/tag_data_raw/Hawaii/2021/mn210215-59/raw/CATS 59-20210215-121630-366-00002.mov,,,
mn210215-59 video 2 GH,3/3/2023 19:53,,1797.95,Media file(s),player #1:C:/Users/aholl/Documents/Tag analysis/CATS/tag_data_raw/Hawaii/2021/mn210215-59/raw/CATS 59-20210215-121630-366-00002.mov,1797.95,28.47,,mother present,,other,,STOP,125.717,C:/Users/aholl/Documents/Tag analysis/CATS/tag_data_raw/Hawaii/2021/mn210215-59/raw/CATS 59-20210215-121630-366-00002.mov,,,
mn210215-59 video 2 GH,3/4/2023 19:53,,1797.95,Media file(s),player #1:C:/Users/aholl/Documents/Tag analysis/CATS/tag_data_raw/Hawaii/2021/mn210215-59/raw/CATS 59-20210215-121630-366-00002.mov,1797.95,28.47,,breath,,see blowholes,,POINT,148.721,C:/Users/aholl/Documents/Tag analysis/CATS/tag_data_raw/Hawaii/2021/mn210215-59/raw/CATS 59-20210215-121630-366-00002.mov,,,
mn210215-59 video 2 GH,3/5/2023 19:53,,1797.95,Media file(s),player #1:C:/Users/aholl/Documents/Tag analysis/CATS/tag_data_raw/Hawaii/2021/mn210215-59/raw/CATS 59-20210215-121630-366-00002.mov,1797.95,28.47,,travel,,water column,,START,155.717,C:/Users/aholl/Documents/Tag analysis/CATS/tag_data_raw/Hawaii/2021/mn210215-59/raw/CATS 59-20210215-121630-366-00002.mov,,,
mn210215-59 video 2 GH,3/6/2023 19:53,,1797.95,Media file(s),player #1:C:/Users/aholl/Documents/Tag analysis/CATS/tag_data_raw/Hawaii/2021/mn210215-59/raw/CATS 59-20210215-121630-366-00002.mov,1797.95,28.47,,mother present,,ventral side,,START,197.969,C:/Users/aholl/Documents/Tag analysis/CATS/tag_data_raw/Hawaii/2021/mn210215-59/raw/CATS 59-20210215-121630-366-00002.mov,,,
mn210215-59 video 2 GH,3/7/2023 19:53,,1797.95,Media file(s),player #1:C:/Users/aholl/Documents/Tag analysis/CATS/tag_data_raw/Hawaii/2021/mn210215-59/raw/CATS 59-20210215-121630-366-00002.mov,1797.95,28.47,,mother present,,ventral side,,STOP,210.966,C:/Users/aholl/Documents/Tag analysis/CATS/tag_data_raw/Hawaii/2021/mn210215-59/raw/CATS 59-20210215-121630-366-00002.mov,,,
mn210215-59 video 2 GH,3/8/2023 19:53,,1797.95,Media file(s),player #1:C:/Users/aholl/Documents/Tag analysis/CATS/tag_data_raw/Hawaii/2021/mn210215-59/raw/CATS 59-20210215-121630-366-00002.mov,1797.95,28.47,,mother present,,ventral side,,START,214.967,C:/Users/aholl/Documents/Tag analysis/CATS/tag_data_raw/Hawaii/2021/mn210215-59/raw/CATS 59-20210215-121630-366-00002.mov,,,
mn210215-59 video 2 GH,3/9/2023 19:53,,1797.95,Media file(s),player #1:C:/Users/aholl/Documents/Tag analysis/CATS/tag_data_raw/Hawaii/2021/mn210215-59/raw/CATS 59-20210215-121630-366-00002.mov,1797.95,28.47,,mother present,,ventral side,,STOP,232.467,C:/Users/aholl/Documents/Tag analysis/CATS/tag_data_raw/Hawaii/2021/mn210215-59/raw/CATS 59-20210215-121630-366-00002.mov,,,
mn210215-59 video 2 GH,3/10/2023 19:53,,1797.95,Media file(s),player #1:C:/Users/aholl/Documents/Tag analysis/CATS/tag_data_raw/Hawaii/2021/mn210215-59/raw/CATS 59-20210215-121630-366-00002.mov,1797.95,28.47,,mother present,,other,,START,243.717,C:/Users/aholl/Documents/Tag analysis/CATS/tag_data_raw/Hawaii/2021/mn210215-59/raw/CATS 59-20210215-121630-366-00002.mov,,,
mn210215-59 video 2 GH,3/11/2023 19:53,,1797.95,Media file(s),player #1:C:/Users/aholl/Documents/Tag analysis/CATS/tag_data_raw/Hawaii/2021/mn210215-59/raw/CATS 59-20210215-121630-366-00002.mov,1797.95,28.47,,mother present,,other,,STOP,271.468,C:/Users/aholl/Documents/Tag analysis/CATS/tag_data_raw/Hawaii/2021/mn210215-59/raw/CATS 59-20210215-121630-366-00002.mov,,,
mn210215-59 video 2 GH,3/12/2023 19:53,,1797.95,Media file(s),player #1:C:/Users/aholl/Documents/Tag analysis/CATS/tag_data_raw/Hawaii/2021/mn210215-59/raw/CATS 59-20210215-121630-366-00002.mov,1797.95,28.47,,mother present,,ventral side,,START,272.217,C:/Users/aholl/Documents/Tag analysis/CATS/tag_data_raw/Hawaii/2021/mn210215-59/raw/CATS 59-20210215-121630-366-00002.mov,,,
mn210215-59 video 2 GH,3/13/2023 19:53,,1797.95,Media file(s),player #1:C:/Users/aholl/Documents/Tag analysis/CATS/tag_data_raw/Hawaii/2021/mn210215-59/raw/CATS 59-20210215-121630-366-00002.mov,1797.95,28.47,,Tag position,,head or rostrum,directly facing rostrum,POINT,297.467,C:/Users/aholl/Documents/Tag analysis/CATS/tag_data_raw/Hawaii/2021/mn210215-59/raw/CATS 59-20210215-121630-366-00002.mov,,,
mn210215-59 video 2 GH,3/14/2023 19:53,,1797.95,Media file(s),player #1:C:/Users/aholl/Documents/Tag analysis/CATS/tag_data_raw/Hawaii/2021/mn210215-59/raw/CATS 59-20210215-121630-366-00002.mov,1797.95,28.47,,mother present,,ventral side,,STOP,299.968,C:/Users/aholl/Documents/Tag analysis/CATS/tag_data_raw/Hawaii/2021/mn210215-59/raw/CATS 59-20210215-121630-366-00002.mov,,,
mn210215-59 video 2 GH,3/15/2023 19:53,,1797.95,Media file(s),player #1:C:/Users/aholl/Documents/Tag analysis/CATS/tag_data_raw/Hawaii/2021/mn210215-59/raw/CATS 59-20210215-121630-366-00002.mov,1797.95,28.47,,breath,,cannot see blowholes,,POINT,313.718,C:/Users/aholl/Documents/Tag analysis/CATS/tag_data_raw/Hawaii/2021/mn210215-59/raw/CATS 59-20210215-121630-366-00002.mov,,,
mn210215-59 video 2 GH,3/16/2023 19:53,,1797.95,Media file(s),player #1:C:/Users/aholl/Documents/Tag analysis/CATS/tag_data_raw/Hawaii/2021/mn210215-59/raw/CATS 59-20210215-121630-366-00002.mov,1797.95,28.47,,mother present,,other,,START,324.216,C:/Users/aholl/Documents/Tag analysis/CATS/tag_data_raw/Hawaii/2021/mn210215-59/raw/CATS 59-20210215-121630-366-00002.mov,,,
mn210215-59 video 2 GH,3/17/2023 19:53,,1797.95,Media file(s),player #1:C:/Users/aholl/Documents/Tag analysis/CATS/tag_data_raw/Hawaii/2021/mn210215-59/raw/CATS 59-20210215-121630-366-00002.mov,1797.95,28.47,,breath,,see blowholes,,POINT,337.967,C:/Users/aholl/Documents/Tag analysis/CATS/tag_data_raw/Hawaii/2021/mn210215-59/raw/CATS 59-20210215-121630-366-00002.mov,,,
mn210215-59 video 2 GH,3/18/2023 19:53,,1797.95,Media file(s),player #1:C:/Users/aholl/Documents/Tag analysis/CATS/tag_data_raw/Hawaii/2021/mn210215-59/raw/CATS 59-20210215-121630-366-00002.mov,1797.95,28.47,,breath,,see blowholes,,POINT,358.468,C:/Users/aholl/Documents/Tag analysis/CATS/tag_data_raw/Hawaii/2021/mn210215-59/raw/CATS 59-20210215-121630-366-00002.mov,,,
mn210215-59 video 2 GH,3/19/2023 19:53,,1797.95,Media file(s),player #1:C:/Users/aholl/Documents/Tag analysis/CATS/tag_data_raw/Hawaii/2021/mn210215-59/raw/CATS 59-20210215-121630-366-00002.mov,1797.95,28.47,,mother present,,other,,STOP,369.717,C:/Users/aholl/Documents/Tag analysis/CATS/tag_data_raw/Hawaii/2021/mn210215-59/raw/CATS 59-20210215-121630-366-00002.mov,,,
mn210215-59 video 2 GH,3/20/2023 19:53,,1797.95,Media file(s),player #1:C:/Users/aholl/Documents/Tag analysis/CATS/tag_data_raw/Hawaii/2021/mn210215-59/raw/CATS 59-20210215-121630-366-00002.mov,1797.95,28.47,,mother present,,ventral side,,START,370.471,C:/Users/aholl/Documents/Tag analysis/CATS/tag_data_raw/Hawaii/2021/mn210215-59/raw/CATS 59-20210215-121630-366-00002.mov,,,
mn210215-59 video 2 GH,3/21/2023 19:53,,1797.95,Media file(s),player #1:C:/Users/aholl/Documents/Tag analysis/CATS/tag_data_raw/Hawaii/2021/mn210215-59/raw/CATS 59-20210215-121630-366-00002.mov,1797.95,28.47,,mother present,,ventral side,,STOP,380.469,C:/Users/aholl/Documents/Tag analysis/CATS/tag_data_raw/Hawaii/2021/mn210215-59/raw/CATS 59-20210215-121630-366-00002.mov,,,
mn210215-59 video 2 GH,3/22/2023 19:53,,1797.95,Media file(s),player #1:C:/Users/aholl/Documents/Tag analysis/CATS/tag_data_raw/Hawaii/2021/mn210215-59/raw/CATS 59-20210215-121630-366-00002.mov,1797.95,28.47,,breath,,cannot see blowholes,,POINT,382.966,C:/Users/aholl/Documents/Tag analysis/CATS/tag_data_raw/Hawaii/2021/mn210215-59/raw/CATS 59-20210215-121630-366-00002.mov,,,
mn210215-59 video 2 GH,3/23/2023 19:53,,1797.95,Media file(s),player #1:C:/Users/aholl/Documents/Tag analysis/CATS/tag_data_raw/Hawaii/2021/mn210215-59/raw/CATS 59-20210215-121630-366-00002.mov,1797.95,28.47,,mother present,,ventral side,,START,394.219,C:/Users/aholl/Documents/Tag analysis/CATS/tag_data_raw/Hawaii/2021/mn210215-59/raw/CATS 59-20210215-121630-366-00002.mov,,,
mn210215-59 video 2 GH,3/24/2023 19:53,,1797.95,Media file(s),player #1:C:/Users/aholl/Documents/Tag analysis/CATS/tag_data_raw/Hawaii/2021/mn210215-59/raw/CATS 59-20210215-121630-366-00002.mov,1797.95,28.47,,mother present,,ventral side,,STOP,400.468,C:/Users/aholl/Documents/Tag analysis/CATS/tag_data_raw/Hawaii/2021/mn210215-59/raw/CATS 59-20210215-121630-366-00002.mov,,,
mn210215-59 video 2 GH,3/25/2023 19:53,,1797.95,Media file(s),player #1:C:/Users/aholl/Documents/Tag analysis/CATS/tag_data_raw/Hawaii/2021/mn210215-59/raw/CATS 59-20210215-121630-366-00002.mov,1797.95,28.47,,breath,,see blowholes,,POINT,405.969,C:/Users/aholl/Documents/Tag analysis/CATS/tag_data_raw/Hawaii/2021/mn210215-59/raw/CATS 59-20210215-121630-366-00002.mov,,,
mn210215-59 video 2 GH,3/26/2023 19:53,,1797.95,Media file(s),player #1:C:/Users/aholl/Documents/Tag analysis/CATS/tag_data_raw/Hawaii/2021/mn210215-59/raw/CATS 59-20210215-121630-366-00002.mov,1797.95,28.47,,mother present,,ventral side,,START,418.468,C:/Users/aholl/Documents/Tag analysis/CATS/tag_data_raw/Hawaii/2021/mn210215-59/raw/CATS 59-20210215-121630-366-00002.mov,,,
mn210215-59 video 2 GH,3/27/2023 19:53,,1797.95,Media file(s),player #1:C:/Users/aholl/Documents/Tag analysis/CATS/tag_data_raw/Hawaii/2021/mn210215-59/raw/CATS 59-20210215-121630-366-00002.mov,1797.95,28.47,,Tag position,,unsure,facing to the right of rostrum,POINT,421.718,C:/Users/aholl/Documents/Tag analysis/CATS/tag_data_raw/Hawaii/2021/mn210215-59/raw/CATS 59-20210215-121630-366-00002.mov,,,
mn210215-59 video 2 GH,3/28/2023 19:53,,1797.95,Media file(s),player #1:C:/Users/aholl/Documents/Tag analysis/CATS/tag_data_raw/Hawaii/2021/mn210215-59/raw/CATS 59-20210215-121630-366-00002.mov,1797.95,28.47,,mother present,,ventral side,,STOP,442.217,C:/Users/aholl/Documents/Tag analysis/CATS/tag_data_raw/Hawaii/2021/mn210215-59/raw/CATS 59-20210215-121630-366-00002.mov,,,
mn210215-59 video 2 GH,3/29/2023 19:53,,1797.95,Media file(s),player #1:C:/Users/aholl/Documents/Tag analysis/CATS/tag_data_raw/Hawaii/2021/mn210215-59/raw/CATS 59-20210215-121630-366-00002.mov,1797.95,28.47,,mother present,,ventral side,,START,478.218,C:/Users/aholl/Documents/Tag analysis/CATS/tag_data_raw/Hawaii/2021/mn210215-59/raw/CATS 59-20210215-121630-366-00002.mov,,,
mn210215-59 video 2 GH,3/30/2023 19:53,,1797.95,Media file(s),player #1:C:/Users/aholl/Documents/Tag analysis/CATS/tag_data_raw/Hawaii/2021/mn210215-59/raw/CATS 59-20210215-121630-366-00002.mov,1797.95,28.47,,mother present,,ventral side,,STOP,485.467,C:/Users/aholl/Documents/Tag analysis/CATS/tag_data_raw/Hawaii/2021/mn210215-59/raw/CATS 59-20210215-121630-366-00002.mov,,,
mn210215-59 video 2 GH,3/31/2023 19:53,,1797.95,Media file(s),player #1:C:/Users/aholl/Documents/Tag analysis/CATS/tag_data_raw/Hawaii/2021/mn210215-59/raw/CATS 59-20210215-121630-366-00002.mov,1797.95,28.47,,breath,,cannot see blowholes,,POINT,539.217,C:/Users/aholl/Documents/Tag analysis/CATS/tag_data_raw/Hawaii/2021/mn210215-59/raw/CATS 59-20210215-121630-366-00002.mov,,,
mn210215-59 video 2 GH,4/1/2023 19:53,,1797.95,Media file(s),player #1:C:/Users/aholl/Documents/Tag analysis/CATS/tag_data_raw/Hawaii/2021/mn210215-59/raw/CATS 59-20210215-121630-366-00002.mov,1797.95,28.47,,breath,,cannot see blowholes,,POINT,559.719,C:/Users/aholl/Documents/Tag analysis/CATS/tag_data_raw/Hawaii/2021/mn210215-59/raw/CATS 59-20210215-121630-366-00002.mov,,,
mn210215-59 video 2 GH,4/2/2023 19:53,,1797.95,Media file(s),player #1:C:/Users/aholl/Documents/Tag analysis/CATS/tag_data_raw/Hawaii/2021/mn210215-59/raw/CATS 59-20210215-121630-366-00002.mov,1797.95,28.47,,breath,,cannot see blowholes,,POINT,578.967,C:/Users/aholl/Documents/Tag analysis/CATS/tag_data_raw/Hawaii/2021/mn210215-59/raw/CATS 59-20210215-121630-366-00002.mov,,,
mn210215-59 video 2 GH,4/3/2023 19:53,,1797.95,Media file(s),player #1:C:/Users/aholl/Documents/Tag analysis/CATS/tag_data_raw/Hawaii/2021/mn210215-59/raw/CATS 59-20210215-121630-366-00002.mov,1797.95,28.47,,breath,,cannot see blowholes,,POINT,595.967,C:/Users/aholl/Documents/Tag analysis/CATS/tag_data_raw/Hawaii/2021/mn210215-59/raw/CATS 59-20210215-121630-366-00002.mov,,,
mn210215-59 video 2 GH,4/4/2023 19:53,,1797.95,Media file(s),player #1:C:/Users/aholl/Documents/Tag analysis/CATS/tag_data_raw/Hawaii/2021/mn210215-59/raw/CATS 59-20210215-121630-366-00002.mov,1797.95,28.47,,mother present,,other,,START,625.468,C:/Users/aholl/Documents/Tag analysis/CATS/tag_data_raw/Hawaii/2021/mn210215-59/raw/CATS 59-20210215-121630-366-00002.mov,,,
mn210215-59 video 2 GH,4/5/2023 19:53,,1797.95,Media file(s),player #1:C:/Users/aholl/Documents/Tag analysis/CATS/tag_data_raw/Hawaii/2021/mn210215-59/raw/CATS 59-20210215-121630-366-00002.mov,1797.95,28.47,,breath,,cannot see blowholes,,POINT,631.468,C:/Users/aholl/Documents/Tag analysis/CATS/tag_data_raw/Hawaii/2021/mn210215-59/raw/CATS 59-20210215-121630-366-00002.mov,,,
mn210215-59 video 2 GH,4/6/2023 19:53,,1797.95,Media file(s),player #1:C:/Users/aholl/Documents/Tag analysis/CATS/tag_data_raw/Hawaii/2021/mn210215-59/raw/CATS 59-20210215-121630-366-00002.mov,1797.95,28.47,,excrement,,urine,,POINT,641.217,C:/Users/aholl/Documents/Tag analysis/CATS/tag_data_raw/Hawaii/2021/mn210215-59/raw/CATS 59-20210215-121630-366-00002.mov,,,
mn210215-59 video 2 GH,4/7/2023 19:53,,1797.95,Media file(s),player #1:C:/Users/aholl/Documents/Tag analysis/CATS/tag_data_raw/Hawaii/2021/mn210215-59/raw/CATS 59-20210215-121630-366-00002.mov,1797.95,28.47,,mother present,,other,,STOP,644.718,C:/Users/aholl/Documents/Tag analysis/CATS/tag_data_raw/Hawaii/2021/mn210215-59/raw/CATS 59-20210215-121630-366-00002.mov,,,
mn210215-59 video 2 GH,4/8/2023 19:53,,1797.95,Media file(s),player #1:C:/Users/aholl/Documents/Tag analysis/CATS/tag_data_raw/Hawaii/2021/mn210215-59/raw/CATS 59-20210215-121630-366-00002.mov,1797.95,28.47,,breath,,cannot see blowholes,,POINT,659.969,C:/Users/aholl/Documents/Tag analysis/CATS/tag_data_raw/Hawaii/2021/mn210215-59/raw/CATS 59-20210215-121630-366-00002.mov,,,
mn210215-59 video 2 GH,4/9/2023 19:53,,1797.95,Media file(s),player #1:C:/Users/aholl/Documents/Tag analysis/CATS/tag_data_raw/Hawaii/2021/mn210215-59/raw/CATS 59-20210215-121630-366-00002.mov,1797.95,28.47,,mother present,,ventral side,,START,677.719,C:/Users/aholl/Documents/Tag analysis/CATS/tag_data_raw/Hawaii/2021/mn210215-59/raw/CATS 59-20210215-121630-366-00002.mov,,,
mn210215-59 video 2 GH,4/10/2023 19:53,,1797.95,Media file(s),player #1:C:/Users/aholl/Documents/Tag analysis/CATS/tag_data_raw/Hawaii/2021/mn210215-59/raw/CATS 59-20210215-121630-366-00002.mov,1797.95,28.47,,mother present,,ventral side,,STOP,690.217,C:/Users/aholl/Documents/Tag analysis/CATS/tag_data_raw/Hawaii/2021/mn210215-59/raw/CATS 59-20210215-121630-366-00002.mov,,,
mn210215-59 video 2 GH,4/11/2023 19:53,,1797.95,Media file(s),player #1:C:/Users/aholl/Documents/Tag analysis/CATS/tag_data_raw/Hawaii/2021/mn210215-59/raw/CATS 59-20210215-121630-366-00002.mov,1797.95,28.47,,breath,,cannot see blowholes,,POINT,697.719,C:/Users/aholl/Documents/Tag analysis/CATS/tag_data_raw/Hawaii/2021/mn210215-59/raw/CATS 59-20210215-121630-366-00002.mov,,,
mn210215-59 video 2 GH,4/12/2023 19:53,,1797.95,Media file(s),player #1:C:/Users/aholl/Documents/Tag analysis/CATS/tag_data_raw/Hawaii/2021/mn210215-59/raw/CATS 59-20210215-121630-366-00002.mov,1797.95,28.47,,mother present,,other,,START,719.216,C:/Users/aholl/Documents/Tag analysis/CATS/tag_data_raw/Hawaii/2021/mn210215-59/raw/CATS 59-20210215-121630-366-00002.mov,,,
mn210215-59 video 2 GH,4/13/2023 19:53,,1797.95,Media file(s),player #1:C:/Users/aholl/Documents/Tag analysis/CATS/tag_data_raw/Hawaii/2021/mn210215-59/raw/CATS 59-20210215-121630-366-00002.mov,1797.95,28.47,,mother present,,other,,STOP,769.216,C:/Users/aholl/Documents/Tag analysis/CATS/tag_data_raw/Hawaii/2021/mn210215-59/raw/CATS 59-20210215-121630-366-00002.mov,,,
mn210215-59 video 2 GH,4/14/2023 19:53,,1797.95,Media file(s),player #1:C:/Users/aholl/Documents/Tag analysis/CATS/tag_data_raw/Hawaii/2021/mn210215-59/raw/CATS 59-20210215-121630-366-00002.mov,1797.95,28.47,,mother present,,ventral side,,START,769.217,C:/Users/aholl/Documents/Tag analysis/CATS/tag_data_raw/Hawaii/2021/mn210215-59/raw/CATS 59-20210215-121630-366-00002.mov,,,
mn210215-59 video 2 GH,4/15/2023 19:53,,1797.95,Media file(s),player #1:C:/Users/aholl/Documents/Tag analysis/CATS/tag_data_raw/Hawaii/2021/mn210215-59/raw/CATS 59-20210215-121630-366-00002.mov,1797.95,28.47,,mother present,,ventral side,,STOP,777.469,C:/Users/aholl/Documents/Tag analysis/CATS/tag_data_raw/Hawaii/2021/mn210215-59/raw/CATS 59-20210215-121630-366-00002.mov,,,
mn210215-59 video 2 GH,4/16/2023 19:53,,1797.95,Media file(s),player #1:C:/Users/aholl/Documents/Tag analysis/CATS/tag_data_raw/Hawaii/2021/mn210215-59/raw/CATS 59-20210215-121630-366-00002.mov,1797.95,28.47,,mother present,,ventral side,,START,796.466,C:/Users/aholl/Documents/Tag analysis/CATS/tag_data_raw/Hawaii/2021/mn210215-59/raw/CATS 59-20210215-121630-366-00002.mov,,,
mn210215-59 video 2 GH,4/17/2023 19:53,,1797.95,Media file(s),player #1:C:/Users/aholl/Documents/Tag analysis/CATS/tag_data_raw/Hawaii/2021/mn210215-59/raw/CATS 59-20210215-121630-366-00002.mov,1797.95,28.47,,mother present,,ventral side,,STOP,801.467,C:/Users/aholl/Documents/Tag analysis/CATS/tag_data_raw/Hawaii/2021/mn210215-59/raw/CATS 59-20210215-121630-366-00002.mov,,,
mn210215-59 video 2 GH,4/18/2023 19:53,,1797.95,Media file(s),player #1:C:/Users/aholl/Documents/Tag analysis/CATS/tag_data_raw/Hawaii/2021/mn210215-59/raw/CATS 59-20210215-121630-366-00002.mov,1797.95,28.47,,mother present,,other,,START,801.468,C:/Users/aholl/Documents/Tag analysis/CATS/tag_data_raw/Hawaii/2021/mn210215-59/raw/CATS 59-20210215-121630-366-00002.mov,,,
mn210215-59 video 2 GH,4/19/2023 19:53,,1797.95,Media file(s),player #1:C:/Users/aholl/Documents/Tag analysis/CATS/tag_data_raw/Hawaii/2021/mn210215-59/raw/CATS 59-20210215-121630-366-00002.mov,1797.95,28.47,,mother present,,other,,STOP,809.22,C:/Users/aholl/Documents/Tag analysis/CATS/tag_data_raw/Hawaii/2021/mn210215-59/raw/CATS 59-20210215-121630-366-00002.mov,,,
mn210215-59 video 2 GH,4/20/2023 19:53,,1797.95,Media file(s),player #1:C:/Users/aholl/Documents/Tag analysis/CATS/tag_data_raw/Hawaii/2021/mn210215-59/raw/CATS 59-20210215-121630-366-00002.mov,1797.95,28.47,,breath,,cannot see blowholes,,POINT,846.217,C:/Users/aholl/Documents/Tag analysis/CATS/tag_data_raw/Hawaii/2021/mn210215-59/raw/CATS 59-20210215-121630-366-00002.mov,,,
mn210215-59 video 2 GH,4/21/2023 19:53,,1797.95,Media file(s),player #1:C:/Users/aholl/Documents/Tag analysis/CATS/tag_data_raw/Hawaii/2021/mn210215-59/raw/CATS 59-20210215-121630-366-00002.mov,1797.95,28.47,,breath,,cannot see blowholes,,POINT,863.217,C:/Users/aholl/Documents/Tag analysis/CATS/tag_data_raw/Hawaii/2021/mn210215-59/raw/CATS 59-20210215-121630-366-00002.mov,,,
mn210215-59 video 2 GH,4/22/2023 19:53,,1797.95,Media file(s),player #1:C:/Users/aholl/Documents/Tag analysis/CATS/tag_data_raw/Hawaii/2021/mn210215-59/raw/CATS 59-20210215-121630-366-00002.mov,1797.95,28.47,,breath,,cannot see blowholes,,POINT,883.718,C:/Users/aholl/Documents/Tag analysis/CATS/tag_data_raw/Hawaii/2021/mn210215-59/raw/CATS 59-20210215-121630-366-00002.mov,,,
mn210215-59 video 2 GH,4/23/2023 19:53,,1797.95,Media file(s),player #1:C:/Users/aholl/Documents/Tag analysis/CATS/tag_data_raw/Hawaii/2021/mn210215-59/raw/CATS 59-20210215-121630-366-00002.mov,1797.95,28.47,,breath,,cannot see blowholes,,POINT,899.717,C:/Users/aholl/Documents/Tag analysis/CATS/tag_data_raw/Hawaii/2021/mn210215-59/raw/CATS 59-20210215-121630-366-00002.mov,,,
mn210215-59 video 2 GH,4/24/2023 19:53,,1797.95,Media file(s),player #1:C:/Users/aholl/Documents/Tag analysis/CATS/tag_data_raw/Hawaii/2021/mn210215-59/raw/CATS 59-20210215-121630-366-00002.mov,1797.95,28.47,,breath,,cannot see blowholes,,POINT,915.971,C:/Users/aholl/Documents/Tag analysis/CATS/tag_data_raw/Hawaii/2021/mn210215-59/raw/CATS 59-20210215-121630-366-00002.mov,,,
mn210215-59 video 2 GH,4/25/2023 19:53,,1797.95,Media file(s),player #1:C:/Users/aholl/Documents/Tag analysis/CATS/tag_data_raw/Hawaii/2021/mn210215-59/raw/CATS 59-20210215-121630-366-00002.mov,1797.95,28.47,,mother present,,other,,START,928.469,C:/Users/aholl/Documents/Tag analysis/CATS/tag_data_raw/Hawaii/2021/mn210215-59/raw/CATS 59-20210215-121630-366-00002.mov,,,
mn210215-59 video 2 GH,4/26/2023 19:53,,1797.95,Media file(s),player #1:C:/Users/aholl/Documents/Tag analysis/CATS/tag_data_raw/Hawaii/2021/mn210215-59/raw/CATS 59-20210215-121630-366-00002.mov,1797.95,28.47,,mother present,,other,,STOP,939.967,C:/Users/aholl/Documents/Tag analysis/CATS/tag_data_raw/Hawaii/2021/mn210215-59/raw/CATS 59-20210215-121630-366-00002.mov,,,
mn210215-59 video 2 GH,4/27/2023 19:53,,1797.95,Media file(s),player #1:C:/Users/aholl/Documents/Tag analysis/CATS/tag_data_raw/Hawaii/2021/mn210215-59/raw/CATS 59-20210215-121630-366-00002.mov,1797.95,28.47,,mother present,,ventral side,,START,951.217,C:/Users/aholl/Documents/Tag analysis/CATS/tag_data_raw/Hawaii/2021/mn210215-59/raw/CATS 59-20210215-121630-366-00002.mov,,,
mn210215-59 video 2 GH,4/28/2023 19:53,,1797.95,Media file(s),player #1:C:/Users/aholl/Documents/Tag analysis/CATS/tag_data_raw/Hawaii/2021/mn210215-59/raw/CATS 59-20210215-121630-366-00002.mov,1797.95,28.47,,mother present,,ventral side,,STOP,955.716,C:/Users/aholl/Documents/Tag analysis/CATS/tag_data_raw/Hawaii/2021/mn210215-59/raw/CATS 59-20210215-121630-366-00002.mov,,,
mn210215-59 video 2 GH,4/29/2023 19:53,,1797.95,Media file(s),player #1:C:/Users/aholl/Documents/Tag analysis/CATS/tag_data_raw/Hawaii/2021/mn210215-59/raw/CATS 59-20210215-121630-366-00002.mov,1797.95,28.47,,mother present,,other,,START,955.717,C:/Users/aholl/Documents/Tag analysis/CATS/tag_data_raw/Hawaii/2021/mn210215-59/raw/CATS 59-20210215-121630-366-00002.mov,,,
mn210215-59 video 2 GH,4/30/2023 19:53,,1797.95,Media file(s),player #1:C:/Users/aholl/Documents/Tag analysis/CATS/tag_data_raw/Hawaii/2021/mn210215-59/raw/CATS 59-20210215-121630-366-00002.mov,1797.95,28.47,,breath,,cannot see blowholes,,POINT,959.718,C:/Users/aholl/Documents/Tag analysis/CATS/tag_data_raw/Hawaii/2021/mn210215-59/raw/CATS 59-20210215-121630-366-00002.mov,,,
mn210215-59 video 2 GH,5/1/2023 19:53,,1797.95,Media file(s),player #1:C:/Users/aholl/Documents/Tag analysis/CATS/tag_data_raw/Hawaii/2021/mn210215-59/raw/CATS 59-20210215-121630-366-00002.mov,1797.95,28.47,,breath,,cannot see blowholes,,POINT,974.467,C:/Users/aholl/Documents/Tag analysis/CATS/tag_data_raw/Hawaii/2021/mn210215-59/raw/CATS 59-20210215-121630-366-00002.mov,,,
mn210215-59 video 2 GH,5/2/2023 19:53,,1797.95,Media file(s),player #1:C:/Users/aholl/Documents/Tag analysis/CATS/tag_data_raw/Hawaii/2021/mn210215-59/raw/CATS 59-20210215-121630-366-00002.mov,1797.95,28.47,,mother present,,other,,STOP,987.218,C:/Users/aholl/Documents/Tag analysis/CATS/tag_data_raw/Hawaii/2021/mn210215-59/raw/CATS 59-20210215-121630-366-00002.mov,,,
mn210215-59 video 2 GH,5/3/2023 19:53,,1797.95,Media file(s),player #1:C:/Users/aholl/Documents/Tag analysis/CATS/tag_data_raw/Hawaii/2021/mn210215-59/raw/CATS 59-20210215-121630-366-00002.mov,1797.95,28.47,,mother present,,ventral side,,START,987.219,C:/Users/aholl/Documents/Tag analysis/CATS/tag_data_raw/Hawaii/2021/mn210215-59/raw/CATS 59-20210215-121630-366-00002.mov,,,
mn210215-59 video 2 GH,5/4/2023 19:53,,1797.95,Media file(s),player #1:C:/Users/aholl/Documents/Tag analysis/CATS/tag_data_raw/Hawaii/2021/mn210215-59/raw/CATS 59-20210215-121630-366-00002.mov,1797.95,28.47,,mother present,,ventral side,,STOP,998.968,C:/Users/aholl/Documents/Tag analysis/CATS/tag_data_raw/Hawaii/2021/mn210215-59/raw/CATS 59-20210215-121630-366-00002.mov,,,
mn210215-59 video 2 GH,5/5/2023 19:53,,1797.95,Media file(s),player #1:C:/Users/aholl/Documents/Tag analysis/CATS/tag_data_raw/Hawaii/2021/mn210215-59/raw/CATS 59-20210215-121630-366-00002.mov,1797.95,28.47,,breath,,cannot see blowholes,,POINT,1001.468,C:/Users/aholl/Documents/Tag analysis/CATS/tag_data_raw/Hawaii/2021/mn210215-59/raw/CATS 59-20210215-121630-366-00002.mov,,,
mn210215-59 video 2 GH,5/6/2023 19:53,,1797.95,Media file(s),player #1:C:/Users/aholl/Documents/Tag analysis/CATS/tag_data_raw/Hawaii/2021/mn210215-59/raw/CATS 59-20210215-121630-366-00002.mov,1797.95,28.47,,mother present,,ventral side,,START,1023.218,C:/Users/aholl/Documents/Tag analysis/CATS/tag_data_raw/Hawaii/2021/mn210215-59/raw/CATS 59-20210215-121630-366-00002.mov,,,
mn210215-59 video 2 GH,5/7/2023 19:53,,1797.95,Media file(s),player #1:C:/Users/aholl/Documents/Tag analysis/CATS/tag_data_raw/Hawaii/2021/mn210215-59/raw/CATS 59-20210215-121630-366-00002.mov,1797.95,28.47,,Tag position,,right flipper,facing to the right of rostrum,POINT,1048.218,C:/Users/aholl/Documents/Tag analysis/CATS/tag_data_raw/Hawaii/2021/mn210215-59/raw/CATS 59-20210215-121630-366-00002.mov,,,
mn210215-59 video 2 GH,5/8/2023 19:53,,1797.95,Media file(s),player #1:C:/Users/aholl/Documents/Tag analysis/CATS/tag_data_raw/Hawaii/2021/mn210215-59/raw/CATS 59-20210215-121630-366-00002.mov,1797.95,28.47,,Tag position,,fluke,facing backward toward flukes,POINT,1067.468,C:/Users/aholl/Documents/Tag analysis/CATS/tag_data_raw/Hawaii/2021/mn210215-59/raw/CATS 59-20210215-121630-366-00002.mov,,,
mn210215-59 video 2 GH,5/9/2023 19:53,,1797.95,Media file(s),player #1:C:/Users/aholl/Documents/Tag analysis/CATS/tag_data_raw/Hawaii/2021/mn210215-59/raw/CATS 59-20210215-121630-366-00002.mov,1797.95,28.47,,mother present,,ventral side,,STOP,1067.468,C:/Users/aholl/Documents/Tag analysis/CATS/tag_data_raw/Hawaii/2021/mn210215-59/raw/CATS 59-20210215-121630-366-00002.mov,,,
mn210215-59 video 2 GH,5/10/2023 19:53,,1797.95,Media file(s),player #1:C:/Users/aholl/Documents/Tag analysis/CATS/tag_data_raw/Hawaii/2021/mn210215-59/raw/CATS 59-20210215-121630-366-00002.mov,1797.95,28.47,,breath,,cannot see blowholes,,POINT,1068.467,C:/Users/aholl/Documents/Tag analysis/CATS/tag_data_raw/Hawaii/2021/mn210215-59/raw/CATS 59-20210215-121630-366-00002.mov,,,
mn210215-59 video 2 GH,5/11/2023 19:53,,1797.95,Media file(s),player #1:C:/Users/aholl/Documents/Tag analysis/CATS/tag_data_raw/Hawaii/2021/mn210215-59/raw/CATS 59-20210215-121630-366-00002.mov,1797.95,28.47,,mother present,,other,,START,1071.719,C:/Users/aholl/Documents/Tag analysis/CATS/tag_data_raw/Hawaii/2021/mn210215-59/raw/CATS 59-20210215-121630-366-00002.mov,,,
mn210215-59 video 2 GH,5/12/2023 19:53,,1797.95,Media file(s),player #1:C:/Users/aholl/Documents/Tag analysis/CATS/tag_data_raw/Hawaii/2021/mn210215-59/raw/CATS 59-20210215-121630-366-00002.mov,1797.95,28.47,,breath,,cannot see blowholes,,POINT,1081.466,C:/Users/aholl/Documents/Tag analysis/CATS/tag_data_raw/Hawaii/2021/mn210215-59/raw/CATS 59-20210215-121630-366-00002.mov,,,
mn210215-59 video 2 GH,5/13/2023 19:53,,1797.95,Media file(s),player #1:C:/Users/aholl/Documents/Tag analysis/CATS/tag_data_raw/Hawaii/2021/mn210215-59/raw/CATS 59-20210215-121630-366-00002.mov,1797.95,28.47,,mother present,,other,,STOP,1124.218,C:/Users/aholl/Documents/Tag analysis/CATS/tag_data_raw/Hawaii/2021/mn210215-59/raw/CATS 59-20210215-121630-366-00002.mov,,,
mn210215-59 video 2 GH,5/14/2023 19:53,,1797.95,Media file(s),player #1:C:/Users/aholl/Documents/Tag analysis/CATS/tag_data_raw/Hawaii/2021/mn210215-59/raw/CATS 59-20210215-121630-366-00002.mov,1797.95,28.47,,mother present,,ventral side,,START,1124.219,C:/Users/aholl/Documents/Tag analysis/CATS/tag_data_raw/Hawaii/2021/mn210215-59/raw/CATS 59-20210215-121630-366-00002.mov,,,
mn210215-59 video 2 GH,5/15/2023 19:53,,1797.95,Media file(s),player #1:C:/Users/aholl/Documents/Tag analysis/CATS/tag_data_raw/Hawaii/2021/mn210215-59/raw/CATS 59-20210215-121630-366-00002.mov,1797.95,28.47,,fish present,,None,swimming close to the whale. unsure if feeding,POINT,1129.217,C:/Users/aholl/Documents/Tag analysis/CATS/tag_data_raw/Hawaii/2021/mn210215-59/raw/CATS 59-20210215-121630-366-00002.mov,,,
mn210215-59 video 2 GH,5/16/2023 19:53,,1797.95,Media file(s),player #1:C:/Users/aholl/Documents/Tag analysis/CATS/tag_data_raw/Hawaii/2021/mn210215-59/raw/CATS 59-20210215-121630-366-00002.mov,1797.95,28.47,,mother present,,ventral side,,STOP,1146.717,C:/Users/aholl/Documents/Tag analysis/CATS/tag_data_raw/Hawaii/2021/mn210215-59/raw/CATS 59-20210215-121630-366-00002.mov,,,
mn210215-59 video 2 GH,5/17/2023 19:53,,1797.95,Media file(s),player #1:C:/Users/aholl/Documents/Tag analysis/CATS/tag_data_raw/Hawaii/2021/mn210215-59/raw/CATS 59-20210215-121630-366-00002.mov,1797.95,28.47,,fish present,,skin,swimming close to the whale. unsure if feeding,POINT,1150.967,C:/Users/aholl/Documents/Tag analysis/CATS/tag_data_raw/Hawaii/2021/mn210215-59/raw/CATS 59-20210215-121630-366-00002.mov,,,
mn210215-59 video 2 GH,5/18/2023 19:53,,1797.95,Media file(s),player #1:C:/Users/aholl/Documents/Tag analysis/CATS/tag_data_raw/Hawaii/2021/mn210215-59/raw/CATS 59-20210215-121630-366-00002.mov,1797.95,28.47,,breath,,cannot see blowholes,,POINT,1151.969,C:/Users/aholl/Documents/Tag analysis/CATS/tag_data_raw/Hawaii/2021/mn210215-59/raw/CATS 59-20210215-121630-366-00002.mov,,,
mn210215-59 video 2 GH,5/19/2023 19:53,,1797.95,Media file(s),player #1:C:/Users/aholl/Documents/Tag analysis/CATS/tag_data_raw/Hawaii/2021/mn210215-59/raw/CATS 59-20210215-121630-366-00002.mov,1797.95,28.47,,breath,,cannot see blowholes,,POINT,1165.716,C:/Users/aholl/Documents/Tag analysis/CATS/tag_data_raw/Hawaii/2021/mn210215-59/raw/CATS 59-20210215-121630-366-00002.mov,,,
mn210215-59 video 2 GH,5/20/2023 19:53,,1797.95,Media file(s),player #1:C:/Users/aholl/Documents/Tag analysis/CATS/tag_data_raw/Hawaii/2021/mn210215-59/raw/CATS 59-20210215-121630-366-00002.mov,1797.95,28.47,,mother present,,ventral side,,START,1185.218,C:/Users/aholl/Documents/Tag analysis/CATS/tag_data_raw/Hawaii/2021/mn210215-59/raw/CATS 59-20210215-121630-366-00002.mov,,,
mn210215-59 video 2 GH,5/21/2023 19:53,,1797.95,Media file(s),player #1:C:/Users/aholl/Documents/Tag analysis/CATS/tag_data_raw/Hawaii/2021/mn210215-59/raw/CATS 59-20210215-121630-366-00002.mov,1797.95,28.47,,mother present,,ventral side,,STOP,1244.218,C:/Users/aholl/Documents/Tag analysis/CATS/tag_data_raw/Hawaii/2021/mn210215-59/raw/CATS 59-20210215-121630-366-00002.mov,,,
mn210215-59 video 2 GH,5/22/2023 19:53,,1797.95,Media file(s),player #1:C:/Users/aholl/Documents/Tag analysis/CATS/tag_data_raw/Hawaii/2021/mn210215-59/raw/CATS 59-20210215-121630-366-00002.mov,1797.95,28.47,,mother present,,other,,START,1273.718,C:/Users/aholl/Documents/Tag analysis/CATS/tag_data_raw/Hawaii/2021/mn210215-59/raw/CATS 59-20210215-121630-366-00002.mov,,,
mn210215-59 video 2 GH,5/23/2023 19:53,,1797.95,Media file(s),player #1:C:/Users/aholl/Documents/Tag analysis/CATS/tag_data_raw/Hawaii/2021/mn210215-59/raw/CATS 59-20210215-121630-366-00002.mov,1797.95,28.47,,mother present,,other,,STOP,1303.467,C:/Users/aholl/Documents/Tag analysis/CATS/tag_data_raw/Hawaii/2021/mn210215-59/raw/CATS 59-20210215-121630-366-00002.mov,,,
mn210215-59 video 2 GH,5/24/2023 19:53,,1797.95,Media file(s),player #1:C:/Users/aholl/Documents/Tag analysis/CATS/tag_data_raw/Hawaii/2021/mn210215-59/raw/CATS 59-20210215-121630-366-00002.mov,1797.95,28.47,,breath,,cannot see blowholes,,POINT,1318.218,C:/Users/aholl/Documents/Tag analysis/CATS/tag_data_raw/Hawaii/2021/mn210215-59/raw/CATS 59-20210215-121630-366-00002.mov,,,
mn210215-59 video 2 GH,5/25/2023 19:53,,1797.95,Media file(s),player #1:C:/Users/aholl/Documents/Tag analysis/CATS/tag_data_raw/Hawaii/2021/mn210215-59/raw/CATS 59-20210215-121630-366-00002.mov,1797.95,28.47,,breath,,cannot see blowholes,,POINT,1337.467,C:/Users/aholl/Documents/Tag analysis/CATS/tag_data_raw/Hawaii/2021/mn210215-59/raw/CATS 59-20210215-121630-366-00002.mov,,,
mn210215-59 video 2 GH,5/26/2023 19:53,,1797.95,Media file(s),player #1:C:/Users/aholl/Documents/Tag analysis/CATS/tag_data_raw/Hawaii/2021/mn210215-59/raw/CATS 59-20210215-121630-366-00002.mov,1797.95,28.47,,breath,,cannot see blowholes,,POINT,1359.969,C:/Users/aholl/Documents/Tag analysis/CATS/tag_data_raw/Hawaii/2021/mn210215-59/raw/CATS 59-20210215-121630-366-00002.mov,,,
mn210215-59 video 2 GH,5/27/2023 19:53,,1797.95,Media file(s),player #1:C:/Users/aholl/Documents/Tag analysis/CATS/tag_data_raw/Hawaii/2021/mn210215-59/raw/CATS 59-20210215-121630-366-00002.mov,1797.95,28.47,,breath,,cannot see blowholes,,POINT,1381.22,C:/Users/aholl/Documents/Tag analysis/CATS/tag_data_raw/Hawaii/2021/mn210215-59/raw/CATS 59-20210215-121630-366-00002.mov,,,
mn210215-59 video 2 GH,5/28/2023 19:53,,1797.95,Media file(s),player #1:C:/Users/aholl/Documents/Tag analysis/CATS/tag_data_raw/Hawaii/2021/mn210215-59/raw/CATS 59-20210215-121630-366-00002.mov,1797.95,28.47,,breath,,cannot see blowholes,,POINT,1400.216,C:/Users/aholl/Documents/Tag analysis/CATS/tag_data_raw/Hawaii/2021/mn210215-59/raw/CATS 59-20210215-121630-366-00002.mov,,,
mn210215-59 video 2 GH,5/29/2023 19:53,,1797.95,Media file(s),player #1:C:/Users/aholl/Documents/Tag analysis/CATS/tag_data_raw/Hawaii/2021/mn210215-59/raw/CATS 59-20210215-121630-366-00002.mov,1797.95,28.47,,breath,,cannot see blowholes,,POINT,1418.218,C:/Users/aholl/Documents/Tag analysis/CATS/tag_data_raw/Hawaii/2021/mn210215-59/raw/CATS 59-20210215-121630-366-00002.mov,,,
mn210215-59 video 2 GH,5/30/2023 19:53,,1797.95,Media file(s),player #1:C:/Users/aholl/Documents/Tag analysis/CATS/tag_data_raw/Hawaii/2021/mn210215-59/raw/CATS 59-20210215-121630-366-00002.mov,1797.95,28.47,,breath,,cannot see blowholes,,POINT,1435.468,C:/Users/aholl/Documents/Tag analysis/CATS/tag_data_raw/Hawaii/2021/mn210215-59/raw/CATS 59-20210215-121630-366-00002.mov,,,
mn210215-59 video 2 GH,5/31/2023 19:53,,1797.95,Media file(s),player #1:C:/Users/aholl/Documents/Tag analysis/CATS/tag_data_raw/Hawaii/2021/mn210215-59/raw/CATS 59-20210215-121630-366-00002.mov,1797.95,28.47,,mother present,,ventral side,,START,1472.968,C:/Users/aholl/Documents/Tag analysis/CATS/tag_data_raw/Hawaii/2021/mn210215-59/raw/CATS 59-20210215-121630-366-00002.mov,,,
mn210215-59 video 2 GH,6/1/2023 19:53,,1797.95,Media file(s),player #1:C:/Users/aholl/Documents/Tag analysis/CATS/tag_data_raw/Hawaii/2021/mn210215-59/raw/CATS 59-20210215-121630-366-00002.mov,1797.95,28.47,,breath,,cannot see blowholes,,POINT,1492.469,C:/Users/aholl/Documents/Tag analysis/CATS/tag_data_raw/Hawaii/2021/mn210215-59/raw/CATS 59-20210215-121630-366-00002.mov,,,
mn210215-59 video 2 GH,6/2/2023 19:53,,1797.95,Media file(s),player #1:C:/Users/aholl/Documents/Tag analysis/CATS/tag_data_raw/Hawaii/2021/mn210215-59/raw/CATS 59-20210215-121630-366-00002.mov,1797.95,28.47,,mother present,,ventral side,,STOP,1494.969,C:/Users/aholl/Documents/Tag analysis/CATS/tag_data_raw/Hawaii/2021/mn210215-59/raw/CATS 59-20210215-121630-366-00002.mov,,,
mn210215-59 video 2 GH,6/3/2023 19:53,,1797.95,Media file(s),player #1:C:/Users/aholl/Documents/Tag analysis/CATS/tag_data_raw/Hawaii/2021/mn210215-59/raw/CATS 59-20210215-121630-366-00002.mov,1797.95,28.47,,breath,,cannot see blowholes,,POINT,1508.969,C:/Users/aholl/Documents/Tag analysis/CATS/tag_data_raw/Hawaii/2021/mn210215-59/raw/CATS 59-20210215-121630-366-00002.mov,,,
mn210215-59 video 2 GH,6/4/2023 19:53,,1797.95,Media file(s),player #1:C:/Users/aholl/Documents/Tag analysis/CATS/tag_data_raw/Hawaii/2021/mn210215-59/raw/CATS 59-20210215-121630-366-00002.mov,1797.95,28.47,,mother present,,ventral side,,START,1527.969,C:/Users/aholl/Documents/Tag analysis/CATS/tag_data_raw/Hawaii/2021/mn210215-59/raw/CATS 59-20210215-121630-366-00002.mov,,,
mn210215-59 video 2 GH,6/5/2023 19:53,,1797.95,Media file(s),player #1:C:/Users/aholl/Documents/Tag analysis/CATS/tag_data_raw/Hawaii/2021/mn210215-59/raw/CATS 59-20210215-121630-366-00002.mov,1797.95,28.47,,mother present,,ventral side,,STOP,1532.216,C:/Users/aholl/Documents/Tag analysis/CATS/tag_data_raw/Hawaii/2021/mn210215-59/raw/CATS 59-20210215-121630-366-00002.mov,,,
mn210215-59 video 2 GH,6/6/2023 19:53,,1797.95,Media file(s),player #1:C:/Users/aholl/Documents/Tag analysis/CATS/tag_data_raw/Hawaii/2021/mn210215-59/raw/CATS 59-20210215-121630-366-00002.mov,1797.95,28.47,,mother present,,other,,START,1532.217,C:/Users/aholl/Documents/Tag analysis/CATS/tag_data_raw/Hawaii/2021/mn210215-59/raw/CATS 59-20210215-121630-366-00002.mov,,,
mn210215-59 video 2 GH,6/7/2023 19:53,,1797.95,Media file(s),player #1:C:/Users/aholl/Documents/Tag analysis/CATS/tag_data_raw/Hawaii/2021/mn210215-59/raw/CATS 59-20210215-121630-366-00002.mov,1797.95,28.47,,breath,,cannot see blowholes,,POINT,1534.718,C:/Users/aholl/Documents/Tag analysis/CATS/tag_data_raw/Hawaii/2021/mn210215-59/raw/CATS 59-20210215-121630-366-00002.mov,,,
mn210215-59 video 2 GH,6/8/2023 19:53,,1797.95,Media file(s),player #1:C:/Users/aholl/Documents/Tag analysis/CATS/tag_data_raw/Hawaii/2021/mn210215-59/raw/CATS 59-20210215-121630-366-00002.mov,1797.95,28.47,,mother present,,other,,STOP,1567.716,C:/Users/aholl/Documents/Tag analysis/CATS/tag_data_raw/Hawaii/2021/mn210215-59/raw/CATS 59-20210215-121630-366-00002.mov,,,
mn210215-59 video 2 GH,6/9/2023 19:53,,1797.95,Media file(s),player #1:C:/Users/aholl/Documents/Tag analysis/CATS/tag_data_raw/Hawaii/2021/mn210215-59/raw/CATS 59-20210215-121630-366-00002.mov,1797.95,28.47,,breath,,cannot see blowholes,,POINT,1576.717,C:/Users/aholl/Documents/Tag analysis/CATS/tag_data_raw/Hawaii/2021/mn210215-59/raw/CATS 59-20210215-121630-366-00002.mov,,,
mn210215-59 video 2 GH,6/10/2023 19:53,,1797.95,Media file(s),player #1:C:/Users/aholl/Documents/Tag analysis/CATS/tag_data_raw/Hawaii/2021/mn210215-59/raw/CATS 59-20210215-121630-366-00002.mov,1797.95,28.47,,mother present,,ventral side,,START,1591.719,C:/Users/aholl/Documents/Tag analysis/CATS/tag_data_raw/Hawaii/2021/mn210215-59/raw/CATS 59-20210215-121630-366-00002.mov,,,
mn210215-59 video 2 GH,6/11/2023 19:53,,1797.95,Media file(s),player #1:C:/Users/aholl/Documents/Tag analysis/CATS/tag_data_raw/Hawaii/2021/mn210215-59/raw/CATS 59-20210215-121630-366-00002.mov,1797.95,28.47,,fish present,,no visible particulates,swimming close to the whale. unsure if feeding,POINT,1592.718,C:/Users/aholl/Documents/Tag analysis/CATS/tag_data_raw/Hawaii/2021/mn210215-59/raw/CATS 59-20210215-121630-366-00002.mov,,,
mn210215-59 video 2 GH,6/12/2023 19:53,,1797.95,Media file(s),player #1:C:/Users/aholl/Documents/Tag analysis/CATS/tag_data_raw/Hawaii/2021/mn210215-59/raw/CATS 59-20210215-121630-366-00002.mov,1797.95,28.47,,mother present,,ventral side,,STOP,1616.967,C:/Users/aholl/Documents/Tag analysis/CATS/tag_data_raw/Hawaii/2021/mn210215-59/raw/CATS 59-20210215-121630-366-00002.mov,,,
mn210215-59 video 2 GH,6/13/2023 19:53,,1797.95,Media file(s),player #1:C:/Users/aholl/Documents/Tag analysis/CATS/tag_data_raw/Hawaii/2021/mn210215-59/raw/CATS 59-20210215-121630-366-00002.mov,1797.95,28.47,,mother present,,ventral side,,START,1632.468,C:/Users/aholl/Documents/Tag analysis/CATS/tag_data_raw/Hawaii/2021/mn210215-59/raw/CATS 59-20210215-121630-366-00002.mov,,,
mn210215-59 video 2 GH,6/14/2023 19:53,,1797.95,Media file(s),player #1:C:/Users/aholl/Documents/Tag analysis/CATS/tag_data_raw/Hawaii/2021/mn210215-59/raw/CATS 59-20210215-121630-366-00002.mov,1797.95,28.47,,fish present,,no visible particulates,swimming close to the whale. unsure if feeding,POINT,1678.717,C:/Users/aholl/Documents/Tag analysis/CATS/tag_data_raw/Hawaii/2021/mn210215-59/raw/CATS 59-20210215-121630-366-00002.mov,,,
mn210215-59 video 2 GH,6/15/2023 19:53,,1797.95,Media file(s),player #1:C:/Users/aholl/Documents/Tag analysis/CATS/tag_data_raw/Hawaii/2021/mn210215-59/raw/CATS 59-20210215-121630-366-00002.mov,1797.95,28.47,,mother present,,ventral side,,STOP,1684.22,C:/Users/aholl/Documents/Tag analysis/CATS/tag_data_raw/Hawaii/2021/mn210215-59/raw/CATS 59-20210215-121630-366-00002.mov,,,
mn210215-59 video 2 GH,6/16/2023 19:53,,1797.95,Media file(s),player #1:C:/Users/aholl/Documents/Tag analysis/CATS/tag_data_raw/Hawaii/2021/mn210215-59/raw/CATS 59-20210215-121630-366-00002.mov,1797.95,28.47,,mother present,,other,,START,1684.221,C:/Users/aholl/Documents/Tag analysis/CATS/tag_data_raw/Hawaii/2021/mn210215-59/raw/CATS 59-20210215-121630-366-00002.mov,,,
mn210215-59 video 2 GH,6/17/2023 19:53,,1797.95,Media file(s),player #1:C:/Users/aholl/Documents/Tag analysis/CATS/tag_data_raw/Hawaii/2021/mn210215-59/raw/CATS 59-20210215-121630-366-00002.mov,1797.95,28.47,,mother present,,other,,STOP,1712.469,C:/Users/aholl/Documents/Tag analysis/CATS/tag_data_raw/Hawaii/2021/mn210215-59/raw/CATS 59-20210215-121630-366-00002.mov,,,
mn210215-59 video 2 GH,6/18/2023 19:53,,1797.95,Media file(s),player #1:C:/Users/aholl/Documents/Tag analysis/CATS/tag_data_raw/Hawaii/2021/mn210215-59/raw/CATS 59-20210215-121630-366-00002.mov,1797.95,28.47,,breath,,cannot see blowholes,,POINT,1736.469,C:/Users/aholl/Documents/Tag analysis/CATS/tag_data_raw/Hawaii/2021/mn210215-59/raw/CATS 59-20210215-121630-366-00002.mov,,,
mn210215-59 video 2 GH,6/19/2023 19:53,,1797.95,Media file(s),player #1:C:/Users/aholl/Documents/Tag analysis/CATS/tag_data_raw/Hawaii/2021/mn210215-59/raw/CATS 59-20210215-121630-366-00002.mov,1797.95,28.47,,breath,,cannot see blowholes,,POINT,1751.97,C:/Users/aholl/Documents/Tag analysis/CATS/tag_data_raw/Hawaii/2021/mn210215-59/raw/CATS 59-20210215-121630-366-00002.mov,,,
mn210215-59 video 2 GH,6/20/2023 19:53,,1797.95,Media file(s),player #1:C:/Users/aholl/Documents/Tag analysis/CATS/tag_data_raw/Hawaii/2021/mn210215-59/raw/CATS 59-20210215-121630-366-00002.mov,1797.95,28.47,,breath,,cannot see blowholes,,POINT,1764.969,C:/Users/aholl/Documents/Tag analysis/CATS/tag_data_raw/Hawaii/2021/mn210215-59/raw/CATS 59-20210215-121630-366-00002.mov,,,
mn210215-59 video 2 GH,6/21/2023 19:53,,1797.95,Media file(s),player #1:C:/Users/aholl/Documents/Tag analysis/CATS/tag_data_raw/Hawaii/2021/mn210215-59/raw/CATS 59-20210215-121630-366-00002.mov,1797.95,28.47,,breath,,cannot see blowholes,,POINT,1779.718,C:/Users/aholl/Documents/Tag analysis/CATS/tag_data_raw/Hawaii/2021/mn210215-59/raw/CATS 59-20210215-121630-366-00002.mov,,,
mn210215-59 video 2 GH,6/22/2023 19:53,,1797.95,Media file(s),player #1:C:/Users/aholl/Documents/Tag analysis/CATS/tag_data_raw/Hawaii/2021/mn210215-59/raw/CATS 59-20210215-121630-366-00002.mov,1797.95,28.47,,breath,,cannot see blowholes,,POINT,1792.219,C:/Users/aholl/Documents/Tag analysis/CATS/tag_data_raw/Hawaii/2021/mn210215-59/raw/CATS 59-20210215-121630-366-00002.mov,,,
mn210215-59 video 2 GH,6/23/2023 19:53,,1797.95,Media file(s),player #1:C:/Users/aholl/Documents/Tag analysis/CATS/tag_data_raw/Hawaii/2021/mn210215-59/raw/CATS 59-20210215-121630-366-00002.mov,1797.95,28.47,,travel,,water column,,STOP,1797.32,C:/Users/aholl/Documents/Tag analysis/CATS/tag_data_raw/Hawaii/2021/mn210215-59/raw/CATS 59-20210215-121630-366-00002.mov,,,
